{
    "anime": {
        "character": [
            33.853033333333336,
            34.35946666666667,
            33.37316666666667,
            33.605799999999995,
            33.68783333333334
        ],
        "clothing": [
            32.74095,
            33.96935,
            34.4263,
            33.81555,
            32.9837
        ],
        "style": [
            28.5163,
            27.0644,
            24.64915,
            27.493949999999998,
            26.5933
        ],
        "background": [
            29.833849999999998,
            30.15485,
            29.61005,
            29.5211,
            28.197699999999998
        ],
        "object": [
            30.043100000000003,
            28.0519,
            30.24565,
            30.00075,
            27.762500000000003
        ]
    },
    "reality": {
        "character": [
            30.104066666666668,
            28.565,
            31.056466666666665,
            29.3284,
            28.167333333333335
        ],
        "clothing": [
            32.90005,
            36.35685,
            33.61895,
            35.05395,
            33.5375
        ],
        "style": [
            22.79035,
            22.82,
            23.2157,
            23.5,
            23.91395
        ],
        "background": [
            25.98535,
            25.2827,
            24.3184,
            25.753950000000003,
            24.7117
        ],
        "object": [
            28.7506,
            29.87675,
            28.533700000000003,
            28.87945,
            28.94605
        ]
    }
}